автор;название;цена;год;издание;краткая аннотация
Булгаков;Морфий;263;1926;старое;грустная и трагическая история морфиниста
Булгаков;Морфий;263;1926;старое;грустная и трагическая история морфиниста
Булгаков;Морфий;263;1926;старое;грустная и трагическая история морфиниста
Булгаков;Морфий;263;1926;старое;грустная и трагическая история морфиниста
Булгаков;Морфий;263;1926;старое;грустная и трагическая история морфиниста
Булгаков;Морфий;263;1926;старое;грустная и трагическая история морфиниста
Булгаков;Морфий;263;1926;старое;грустная и трагическая история морфиниста
Булгаков;Морфий;263;1926;старое;грустная и трагическая история морфиниста
Булгаков;Морфий;263;1926;старое;грустная и трагическая история морфиниста
Булгаков;Морфий;263;1926;старое;грустная и трагическая история морфиниста
Булгаков;Морфий;263;1926;старое;грустная и трагическая история морфиниста
Булгаков;Морфий;263;1926;старое;грустная и трагическая история морфиниста
Булгаков;Морфий;263;1926;старое;грустная и трагическая история морфиниста
Булгаков;Морфий;263;1926;старое;грустная и трагическая история морфиниста
Булгаков;Морфий;263;1926;старое;грустная и трагическая история морфиниста
Булгаков;Морфий;263;1926;старое;грустная и трагическая история морфиниста
